ID,Peer,Task,Date
1,maelyspe,CPP1_s21_matrix+,2023-01-10
2,barberry,CPP1_s21_matrix+,2023-01-22
3,asajjmal,A1_Maze,2023-02-15
4,littleca,CPP1_s21_matrix+,2023-02-05
5,maelyspe,CPP2_s21_containers,2023-03-19
6,cathleeb,CPP2_s21_containers,2023-03-17
7,littleca,CPP3_SmartCalc_v2.0,2023-03-17
8,asajjmal,CPP4_3DViewer_v2.0,2023-03-25
9,cathleeb,CPP3_SmartCalc_v2.0,2023-04-30
10,antoneo,CPP5_3DViewer_v2.1,2023-04-25
11,gerardba,A2_SimpleNavigator_v1.0,2023-04-09
12,maelyspe,CPP3_SmartCalc_v2.0,2023-05-19
13,kathyhan,A3_Parallels,2023-05-09
14,cathleeb,CPP4_3DViewer_v2.0,2023-05-25
